{
  "dataset": "hadoop",
  "n_test": 961,
  "n_test_normal": 150,
  "n_test_anomaly": 811,
  "tp": 786,
  "fp": 144,
  "tn": 5,
  "fn": 17,
  "precision": 0.8451612903225807,
  "recall": 0.9788293897882939,
  "f1": 0.9070975187536064,
  "accuracy": 0.8308823529411765,
  "prompt_tokens": 774842,
  "completion_tokens": 2083930,
  "total_cost_usd": 1.0505277600000011,
  "model": "nvidia/nemotron-nano-12b-v2-vl:free",
  "notes": "zero-shot, per-sequence classification based on event ID sequences",
  "skipped": 9
}