{
  "dataset": "hadoop",
  "n_test": 961,
  "n_test_normal": 150,
  "n_test_anomaly": 811,
  "tp": 802,
  "fp": 146,
  "tn": 3,
  "fn": 4,
  "precision": 0.8459915611814346,
  "recall": 0.9950372208436724,
  "f1": 0.9144811858608894,
  "accuracy": 0.8429319371727748,
  "prompt_tokens": 1081513,
  "completion_tokens": 842284,
  "total_cost_usd": 0.6397372399999999,
  "model": "x-ai/grok-4.1-fast:free",
  "notes": "zero-shot, per-sequence classification based on event ID sequences",
  "skipped": 6
}