{
  "dataset": "openstack",
  "n_test": 2050,
  "n_test_normal": 1852,
  "n_test_anomaly": 198,
  "tp": 181,
  "fp": 1681,
  "tn": 169,
  "fn": 17,
  "precision": 0.09720730397422127,
  "recall": 0.9141414141414141,
  "f1": 0.17572815533980582,
  "accuracy": 0.1708984375,
  "prompt_tokens": 745174,
  "completion_tokens": 2585522,
  "total_cost_usd": 1.2428575199999978,
  "model": "x-ai/grok-4.1-fast:free",
  "notes": "zero-shot, per-sequence classification based on event ID sequences",
  "skipped": 2
}